Descricao;Codigo
3 TO GO PALETTE - TRIO DE SOMBRAS./BLAST;7908725503253
3 TO GO PALETTE - TRIO DE SOMBRAS./DAZZLE;7908725501495
3 TO GO PALETTE - TRIO DE SOMBRAS./FADE;7908725503246
3 TO GO PALETTE - TRIO DE SOMBRAS./GLARE;7908725503260
3 TO GO PALETTE - TRIO DE SOMBRAS./HAZEL;7908725501488
3 TO GO PALETTE - TRIO DE SOMBRAS./JEWEL;7908725503239
4 PALETTE EDITION - PALETA DE;7898576398156
4 PALETTE EDITION - PALETA DE;7898576398170
4 PALETTE EDITION - PALETA DE;7898576398163
6 PALETTE EDITION - PALETA DE;7898576398187
6 PALETTE EDITION - PALETA DE;7898576398149
A14 PINCEL PROFISSIONAL DUPLO ESCOVA E;7899583200913
A21 PINCEL PROFISSIONAL TRIANGULAR MEDIO;7899583202344
A24 UN PINCEL PROFISSIONAL CURVADO PARA;7899583202375
A27 PINCEL PROFISSIONAL OVAL PARA ESFUMAR7;899583202405
A29 PINCEL PROFISSIONAL CONICO PARA;7899583202429
ACNE PATCHES - ADESIVOS SECATIVOS DE;7898930769622
ANGEL LIPS BATOM RED CARPET BY PRI LESSA;7898600993715
B B CREAM LATIKA 10 ESCURO-01X01;7898555602212
BASE LIQUIDA MARIA MARGARIDA COR 06;7899996504158
BASE MATE REAL FILTER FRAN C02;7898969501279
BASE MATE REAL FILTER FRAN C04;7898969501293
BASE MATE REAL FILTER FRAN M01;7898969501316
BASE MATE REAL FILTER FRAN M02;7898969501323
BASE MATE REAL FILTER FRAN M03;7898969501330
BASE MATTE ALTA COBERTURA 1 PAYOT;7896609550250
BASE MATTE ALTA COBERTURA 2 PAYOT;7896609550267
BASE MATTE ALTA COBERTURA 3 PAYOT;7896609550274
BASE MATTE ALTA COBERTURA 4 PAYOT;7896609550281
BASE MATTE ALTA COBERTURA 7 PAYOT;7896609550311
BATOM HID CANELA 3,6G PAYOT;7896609548851
BATOM HID MALVA 3,6G;7896609547380
BATOM HID NUDE 3,6G PAYOT;7896609547335
BATOM HID ROSA CHA 3,6G PAYOT;7896609548875
BATOM HID ROSA QUEIMADO 3,6G PAYOT;7896609547373
BATOM HID TERRACOTA PAYOT 3,6G;7896609547328
BB CREAM LATIKA 02 BEGE CLARO;7898555601000
BB CREAM LATIKA 08 CLARO;7898555602199
BB CREAM LATIKA BEGE MEDIO;7898555601017
BLUR PRIMER - PRIMER FACIAL./UNICA OCEANE;7908725501259
BLUSH ME OCEANE - CALL ME BLUSH./LARANJA;7908725501433
BLUSH RETINOL CORAL ILUMINADO;7896609549933
BLUSH RETINOL TERRACOTA;7896609546734
BLUSH STICK EDITION - BLUSH EM BASTAO -;7908725500467
BLUSH STICK EDITION - BLUSH EM BASTAO -;7908725500450
BOB COM VELCRO 20MM - 5UN - MK6200;7898611826200
BODY CREAM ISABELLE LA BELLE 200G DALILA;7898286336431
BODY SPLASH NAH CARDOSO HELLO 200ML;7898410311808
BRILLIANCE INVIGO CONDICIONADOR 1000ML;8005610672304
BRILLIANCE INVIGO CONDICIONADOR 200ML;7896235353850
BRILLIANCE INVIGO MASCARA DE TRAT 500ML;8005610672366
BRILLIANCE INVIGO MASK NORMAL 150ML;8005610672335
BRILLIANCE INVIGO SHAMPOO 1000ML;8005610672243
BRILLIANCE INVIGO SHAMPOO 250ML;7896235353638
BRONZER CONTOUR STICK EDITION - BRONZER;7908725503918
BRONZER CONTOUR STICK EDITION - BRONZER;7908725503925
BRONZER CONTOUR STICK EDITION - BRONZER;7908725503949
BRONZER CONTOUR STICK EDITION - BRONZER;7908725503956
BROW DEFINER - MASCARA DE;7898576398989
BROW DEFINER - MASCARA DE;7898576399009
BROW DEFINER - MASCARA DE;7898576398996
BROW RISE GEL PARA SOBRANCELHAS HBE25037;7900083011326
BROWN MATTE PALETTE - PALETA;7908725503772
BRUNA TAVARES VINYL BTO VINILIC JULIANA;7908985909383
BRUNA TAVARES VINYL BTO VINILICO DIANA;7908985909413
BRUNA TAVARES VINYL BTO VINILICO LAURA;7908985909390
BRUNA TAVARES VINYL BTO VINILICO LIVIA;7908985909376
BRUNA TAVARES VINYL BTOVINILICO SARA;7908985909406
BT BROWSHAPE DARK BROWN;7896032665934
BT BROWSHAPE GRANITE;7896032665385
BT CONTORNO TAUPE CHIC;7896032661646
BT CUSHION GLOW CORAL;7898741807261
BT CUSHION GLOW PEACH;7898741807247
BT CUSHION GLOW PEARLY;7898741807230
BT CUSHION GLOW ROSE;7898741807254
BT LACEBROW AMBER;7896032684362
BT LACEBROW DARKBROWN;7896032684386
BT LACEBROW GRANITE;7896032684393
BT LACEBROW TAUPE;7896032684423
BT MINNIE MIRROR SEQUIN EFFECT -;7896032685352
BT MULTICOVER CORRETIVO LIQUIDO L10;7896032653238
BT MULTICOVER CORRETIVO LIQUIDO M30;7896032656604
BT MULTICOVER CORRETIVO MATTE L20;7898741805694
BT PLUSH CINAMON;7898741808428
BT PLUSH COCOA;7898741808442
BT PLUSH COOKIE;7898741808398
BT PLUSH MOCHA;7898741808404
BT PLUSH VINTAGE;7896032666290
BT SKIN BASE LIQ F60;7898741805977
BT SKIN BASE LIQ L30;7898741806004
BT SKIN BASE LIQ L50;7898741806028
BT SKIN BASE LIQ M10;7898741806042
BT SKIN BASE LIQUIDA F30;7896032656864
BT SKIN BASE LIQUIDA F40;7896032656871
BT SKIN BASE LIQUIDA L10;7898741805984
BT SKIN BASE LIQUIDA L20;7898741805991
BT SKIN BASE LIQUIDA L30;7896032657076
BT SKIN BASE LIQUIDA L40;7898741806011
BT SKIN BASE LIQUIDA L60;7896032657106
BT SKIN BASE LIQUIDA M60;7896032657175
BT SKIN BASE LIQUIDA T50;7896032657229
BT SKIN BASE LIQUIDA T60;7896032657236
BT SKIN POWDER FAIR;7896032671294
BT SKIN POWDER MEDIUM;7896032677654
BT SKIN POWDER UNIQUE AMBER;7896032671287
BT SKINPLUSH CORRETIVO F5060;7896032679184
BT SKINPLUSH CORRETIVO M3040;7896032679238
BT SKINPLUSH CORRETIVO T1020;7896032679252
BT SKINPLUSH CORRETIVO T3040;7896032679269
BT SKINPLUSH CORRETIVO T5060;7896032679276
BT SKINPLUSH CORRETIVOM5060;7896032679245
BT VINYL BATOM VINILICO - DIANA PROV;7898741809814
BT VINYL BATOM VINILICO - JULIANA PROV;7898741809784
BT VINYL BATOM VINILICO - LAURA PROV;7898741809791
BT VINYL BATOM VINILICO - LIVIA PROV;7898741809777
BT VINYL BATOM VINILICO - SARA PROV;7898741809807
BT WONDERLASH MASCARA PARA CILIOS;7898741805847
CHOCOCHILLI FRAN 3,5ML - EDICAO LIMITADA;7898724570885
CICLO BODY SPLASH KISS 200ML;7898410319675
CICLO BODY SPLASH KISS YOU MORE 200ML;7898410312881
CICLO BODY SPLASH LA VIDA 200 ML;7898410310399
CICLO DEO COLONIA LATA LA VIDA 100ML BY LM;7898936770943
CICLO LATA MINI PERSONALIZADA BEE DEO COL;7898410319606
CICLO LATA MINI PERSONALIZADA PINGUXO DEO7;898410319644
CICLO LATA MINI PERSONALIZADA QUEQUE DEO;7898410319613
CICLO LATA MINI PERSONALIZADA RINO DEO COL7;898410319620
CICLO LOCAO HIDRATANTE KISS 240ML;7898936770110
CICLO LOCAO HIDRATANTE KISS YOU MORE;7898410312874
CICLO LOCAO HIDRATANTE LA VIDA 240ML;7898410310344
CLEANSING BALM - CREME DEMAQUILANTE./UNIC;7898576399207
CONCEALER - CORRETIVO LIQUIDO./FAIR -;7908725500115
CONCEALER - CORRETIVO LIQUIDO./LIGHT -;7908725500122
CONCEALER - CORRETIVO LIQUIDO./MEDIUM - .;7908725500146
CONCEALER - CORRETIVO LIQUIDO./MEDIUM;7908725500139
CONDICIONADOR MIRACLE TRUSS 300ML;7898352517979
CONTORNO LABIAL BOCA ROSA CEREJA;7908847802395
CONTORNO LABIAL BOCA ROSA PURPURA;7908847802425
CONTORNO LABIAL CHOCOLATE INTENSO 350MG;7,90885E+12
CONTOUR STICK EDITION-CONT BASTAO;7908725500504
CONTOUR STICK EDITION-CONT BASTAO;7908725500498
COPPER SHINE PALETTE - TRIO DE;7908725501075
CORRETIVO FIX LIQUIDO VIZZELA COR 02;7898640655239
CORRETIVO FIX LIQUIDO VIZZELA SATIN - COR;077908517900345
CORRETIVO FIX LIQUIDO VIZZELA SATIN - COR;117908517902066
CORRETIVO LIQUIDO VIZZELA SATIN - COR 03;7908517900307
CORRETIVO MATTE ALTA COBERTURA 1.5 PAYOT;7,89661E+12
CORRETIVO MATTE ALTA COBERTURA 2 PAYOT;7896609550410
CORRETIVO MATTE ALTA COBERTURA 3 PAYOT;7896609550434
CORRETIVO VEGANO LIQUIDO VIZZELA COR 05;7898640655260
COVER ME UP POWDER - PO;7898576398217
CP-06 UN BRACELETE PARA LIMPEZA DE PINCEIS;7,89958E+12
CREAM BLUSH EDITION-CARAMEL./CARAMELO;7898576398200
CREME CORPORAL HIDRATANTE ANGEL, 200ML;7898744781476
CREME CORPORAL HIDRATANTE ASAD ISABELLE7;898744782329
CREME HIDRATANTE CORPORAL ALLIEN,;7898744781506
CREME HIDRATANTE CORPORAL YARA ROSA;7898286336332
CREME HIDRATANTE FAKHAR ROSE ISABELLE LA7;898286336363
CUSHION FOUNDATION - BASE MATTE./010;7908725503383
CUSHION FOUNDATION - BASE MATTE./020;7908725503390
CUSHION FOUNDATION - BASE MATTE./030;7908725503406
CUSHION FOUNDATION - BASE MATTE./040;7908725503413
CUSHION FOUNDATION - BASE MATTE./050;7908725503420
DARK OIL 30ML;7898973417054
DARK OIL 95ML;4064666306223
DARK OIL CONDICIONADOR 250 ML;4064666102429
DARK OIL HAIR MIST 200ML;4064666314426
DARK OIL MASCARA 150 ML;4064666210131
DARK OIL MASCARA 500ML;4064666102382
DARK OIL SHAMPOO 1000ML;4064666102399
DARK OIL SHAMPOO 250 ML;4064666102436
DUO BLUSH EDITION - CHERRY PAINT./CEREJA;7908725503635
EDITION POCKET PALETTE - PALETA DE;7898576397869
EDITION UNIQUE PALETTE - PALETA DE;7898576398460
ENRICH INVIGO CONDICIONADOR 1000ML;8005610672489
ENRICH INVIGO CONDICIONADOR 200ML;7896235353683
ENRICH INVIGO CREME SUAV ANTIFRIZZ 150ML;4064666309118
ENRICH INVIGO MASCARA DE TRAT 500ML;8005610672540
ENRICH INVIGO MASCARA NORMAL 150ML;8005610672519
ENRICH INVIGO SHAMPOO 1000ML;8005610672427
ENRICH INVIGO SHAMPOO 250ML;8005610672397
ESCOVA CERAMICA Y-33 MK5357;7898611825357
ESPONJA MAQUIAGEM SUPER MACIA BOCA ROSA;7,90885E+12
ESTOJO LATIKA POWDER FPS 27;7898555607774
EYELINER EDITION - LAPIS PARA OLHOS -;7898576398125
EYELINER OCEANE - LAPIS P/ OLHOS - SUPER;7908725501396
FACE IT ALL - PALETA MULTIFUNCIONAL./UNICA - 7.;908725501327
FACE PALETTE EDITION - PALETA;7908725500559
FIXADOR ATE EMBAIXO DAGUA (REBRANDING);7899849905507
FIXADOR DE MAQUIAGEM POWER FINISH 120ML;7898969501965
FIXADOR DE MAQUIAGEM VIZZELA - GOTAS FIX;7908517900413
FIXADOR DE MAQUIAGEM VIZZELA - REAL FIX CX;7908517900406
FLAT BLEND OCEANE - ESPONJA DE;7908725501556
FLAT BLEND OCEANE - ESPONJA DE;7908725501563
FLAT DROP OCEANE - ESPONJA DE;7898576397746
FLUFFY BLUSH - BRINK PEACH./LARANJA - .;7908725500696
FLUFFY BLUSH - CORAL PINK./CORAL - . OCEANE;7,90873E+12
FLUFFY BLUSH - TANGO PINK./ROSA - . OCEANE;7908725500672
FOUNDATION STICK - BASE EM BASTAO./ALMOND7;908725502102
FOUNDATION STICK - BASE EM BASTAO./BEIGE - .;7,90873E+12
FOUNDATION STICK - BASE EM BASTAO./DESERT7;908725502072
FOUNDATION STICK - BASE EM BASTAO./HONEY -7;908725502096
FOUNDATION STICK - BASE EM BASTAO./IVORY - .;7,90873E+12
FOUNDATION STICK - BASE EM BASTAO./SAND - .;7,90873E+12
FRIZZ CONTROL - ANTI-FRIZZ OCEANE./UNICA;7908725501211
FUSION CONDICIONADOR 200ML;7896235353874
FUSION MASCARA 150ML;3614226771643
FUSION SHAMPOO 250ML;8005610416038
GEL DE SOBRANCELHAS 3G;7896609551295
GLOSS AUMENTO VOL LIPCHILLI FRAN 4,5ML;7898969501156
GLOSS LABIAL 3D ALGODAO DOCE 20;7896609551028
GLOSS LIP BUNNY 5G;7898724572643
GLOSS LIPHONEY FRANCINY 5G;7898724572612
GLOSSY BLUSH./ROSE PINK OCEANE;7908725500535
GLOSSY ME - BRILHO LABIAL ROSE./ROSA;7898576397807
GLOSSY ME - BRILHO LABIAL SHIMMER;7908725500368
GLOW BLUSH STICK EDITION - BLUSH;7908725504021
GLOW BLUSH STICK EDITION - BLUSH;7908725504076
GLOW TO GO - PALETA DE SOMBRAS./UNICA;7898576398637
HAIR MAKEUP - MAQUIAGEM CAPILAR./CASTANHO7;898925598206
HAIR MAKEUP - MAQUIAGEM CAPILAR./CASTANHO7;898925598978
HAIR MAKEUP - MAQUIAGEM CAPILAR./PRETO - .;7898930769981
HIDR NAH CARDOSO HELLO 240ML;7898936769626
HIDRATEI SHRP PROTEIN CREAM 50G;7898970092124
HIGHLIGHT PALETTE EDITION - PALETA DE;7898576398552
I-ENVY COLA CILIOS 48H INCOLOR;731509632941
ILUMINADOR CHAMPAGNE GLOW TREZZ;7897072181514
ILUMINADOR GLAMOUR TREZZ;7897072181996
ILUMINADOR NUDE TREZZ;7897072182009
ILUMINADOR SUNSHINE TREZZ;7897072182016
ISABELLE LA BELLE CREME CORPORAL;7898744783371
JUST GLOW - ILUMINADOR.BOUQUET./ROSA - .;7908725501778
KISS NY RETOQUE CAPILAR MASCARA CAST ESC;7,3151E+11
KISS NY RETOQUE CAPILAR MASCARA MARR ESC;7,3151E+11
KISS NY RETOQUE CAPILAR MASCARA PRETO;731509680485
KIT FRAN CHILLICAKE;7898724573022
KIT FRAN CHOCOEYES MASCARA + LAPIS;7898724572735
KIT FRAN LOVE;7898724572780
KIT GLOSSLICIUS 3UN;7898724571417
KNP MASCARA PEELING ESFOLIANTE PARA PES;731509990140
KNY CREME DE PES SUAVIZADOR DE CALOS;7898741800927
KNY EDGE FIXER CERA EM STICK - ORIGINAL;7898741803973
LAPIS DE OLHOS MARROM;7896609547526
LAPIS DE OLHOS PRETO;7896609547519
LAPIS DE SOBRANCELHAS UNIVERSAL;7896609547540
LAPISEIRA PARA SOBRANCELHAS VIZZELA HELLO7;908517900000
LATIKA POWDER REFIL FPS 27 BEGE CLARO;7898555603400
LIP BALM PEN - HIDRATANTE LABIAL;7908725500740
LIP BALM PEN CORAL - OCEANE;7908725500757
LIP GLOSS FRUTAS LN03032 LUA E NEVE;6922946030320
LIP GLOSS LATIKA 50-01X01;7898555606074
LIP GLOSS LATIKA N. 48;7898555602137
LIP GLOSS LATIKA NO 12;7898555608962
LIP GLOSS LATIKA NO 15;7898555608979
LIP GLOSS LATIKA NO 52;7898555608986
LIP GLOSS LATIKA NO. 07 LATIKA FRASCO 4 ML;7898750070458
LIP GLOSS LATIKA NO. 14 LATIKA FRASCO 4 ML;7898750070403
LIP GLOSS LATIKA NO. 18 LATIKA FRASCO 4 ML;7898750070441
LIP GLOSS LATIKA NO. 41 LATIKA FRASCO 4 ML;7898750070410
LIP MATTE LATIKA NO. 30;7898555601307
LIP OIL GIMME BLING LIQUOR POPSTAR HBL6507;7,90008E+12
LIP OIL GIMME BLING PLUSH POPSTAR HBL6507-27;7,90008E+12
LIP OIL RUBY./VERMELHO - . OCEANE;7898576397838
LIPGLOSS- BRILHO LABIAL- GLOSSY BERRY./PINK7;7,89858E+12
MAKE FIX - FIXADOR DE MAQUIAGEM./UNICA;7908725501242
MAQUIAGEM PARA SOBRANCELHAS VIZZELA;7898640655420
MAQUIAGEM PARA SOBRANCELHAS VIZZELA;7898640655437
MARI MARIA MARKEUP LIQUIDO SUGARI;7896032604117
MASC CILIOS PRETO FRAN 6G;7898969501002
MASCARA DE CILIOS RUBY ROSE MELU PEEL OF;7898671424019
MASCARA P/ CILIOS VIZZELA NO PANDA;7898640655376
MASCARA PARA CCLIOS MELU PEEL OFF -HB-;78986771423999
MASCARA PARA CILIO - EFEITO VOLUME;7908847802210
MASCARA PARA CILIOS VIZZELA BIG NO PANDA;7908517900086
MASCARA PARA CÖLIOS GLASS HB523 RUBY ROSE;7,90008E+12
MASCARA PARA SOBRANCELHAS TRANSP. 3G;7908847801541
MASCAVO BLUSH BASTAO MAPLE 6GR;7898671792552
MASCAVO BLUSH BASTAO OAK 6GR;7898671792569
MASCAVO BLUSH BASTAO PEONY 6GR;7898671792583
MASCAVO CONTORNO STICK ALMOND 6GR;7898671792620
MASCAVO CONTORNO STICK LATTE 6GR;7898671792613
MASCAVO ESPONJA PROBLENDER PRECISION;7898671793078
MASCAVO ILUMINADOR STICK CHAMPAGNE 6GR;7898671792675
MASCAVO PINCEL MAKE 03 MULTFUNCIONAL 1X1;7,89867E+12
MASCAVO SOFT BLUR CORRETIVO 15 N 6GR;7898671793726
MASCAVO SOFT BLUR CORRETIVO 35 W 6GR;7898671792750
MASCAVO SOFT BLUR CORRETIVO 38 W 6GR;7898671793092
MASCAVO SOFT BLUR CORRETIVO 40 W 6GR;7898671793115
MASCAVO SOFT BLUR CORRETIVO 42 W 6GR;7898671793757
MASCAVO SOFT BLUR CORRETIVO 58 N 6GR;7898671793764
MASCAVO SOFT RAD BASE LIQUIDA 10 W 30ML;7898671792774
MASCAVO SOFT RAD BASE LIQUIDA 18 C 30ML;7898671792811
MASCAVO SOFT RAD BASE LIQUIDA 20 W 30ML;7898671792828
MASCAVO SOFT RAD BASE LIQUIDA 28 W 30ML;7898671792842
MASCAVO SOFT RAD BASE LIQUIDA 30 N 30ML;7898671792859
MASCAVO SOFT RAD BASE LIQUIDA 32 W 30ML;7898671792866
MASCAVO SOFT RAD BASE LIQUIDA 35 W 30ML;7898671792873
MASCAVO SOFT RAD BASE LIQUIDA 56 W 30ML;7898671793139
MASCAVO SOFT RAD BASE LIQUIDA 60 N 30ML;7898671793146
MASCAVO SOFT RAD BASE LIQUIDA 65 N 30ML;7898671793153
MINI COLOR MY LIPS EDITION - NAKED./NUDE - .;7908725500955
MINI DROP OCEANE - ESPONJA DE;7908725501099
MINI GLOSSY ME - BRIL LAB;7908725501013
MINI GLOSSY ME - BRIL LAB SHIMMER;7908725501006
MINI GLOSSY ME - BRILHO LABIAL ROSE./ROSA - .7;908725501020
MINI LIP OIL 4 YOU - PUNCH./ROSA OCEANE;7908725501037
MINI POWDER PUFF - ESPONJA PARA;7908725504403
MINI POWDER PUFF - ESPONJA PARA;7908725500009
MINI THE LIPSTICK EDITION - NUDE PINK./ROSA - .7;908725500979
MINI THE LIPSTICK EDITION - RED;7908725500993
ML PINCEL PARA MAQUIAGEM LE10;6973094271394
ML PINCEL PARA MAQUIAGEM LE30;6973094271400
ML PINCEL PARA MAQUIAGEM LF50;6973094271356
MM CORRETIVO COVER MMC 02* - MM 1800-2;7897840301465
MM CORRETIVO COVER MMC 04* - MM 1800-4;7897840301489
MM CORRETIVO COVER MMC 05* - MM 1800-5;7897840301496
MM CREAM MATTE BATOM LIQ CLASSY* - MM;7,89784E+12
MY BLUSH BALI LATIKA 1 UN;7898750070380
MY BLUSH CAPRI LATIKA 1 UN;7898750070397
MY BLUSH IBIZA LATIKA 1 UN;7898750070373
MµSCARA DE CÖLIOS MELU BY RUBY ROSE PEEL;7898671424002
NECESSAIRE WELLA - AZUL;0000000176651
OCEANE EDITION COLOR MY LIPS REAL DEAL;7908725500948
OIL REFLECTIONS 100ML NEW;4064666306179
OIL REFLECTIONS 30ML;8005610573717
OIL REFLECTIONS CONDICIONADOR 200ML;7896235353881
OIL REFLECTIONS LIGHT 30ML;8005610573755
OIL REFLECTIONS MASK 150ML;7896235353782
OIL REFLECTIONS MASK 500ML;7896235353775
OIL REFLECTIONS SHAMPOO 1000ML;7896235353751
OIL REFLECTIONS SHAMPOO 250ML;7896235353768
OLEO DEMAQUILANTE VIZZELA CLEANSING OIL;7898640657073
OLEO LABIAL RUBY ROSE LIP GLOW ELETRIC;7510711641051
OLEO LABIAL RUBY ROSE LIP GLOW VINTAGE;7010705466541
PALETA BLUSHES BEACH FACE - FRAN;7898969501057
PALETA ILUMINADORA ANGEL WINGS -;7898600992848
PASTA HIDRATANTE CORPORAL CREMES ALIEN;7898286336349
PASTA µRABE SAD BOURBON;7898286336417
PENETRAITT CONDICIONADOR 1000ML;4064666317458
PENETRAITT CONDICIONADOR 250ML;4064666317670
PENETRAITT MASCARA CAPILAR 500ML;4064666319490
PENETRAITT SHAMPOO 1000ML;4064666044255
PERFUME ARABE LATTAFA ASAD - EAU DE;6291108735411
PERFUME ARABE LATTAFA FAKHAR EDP 100ML;6291107456041
PERFUME ARABE SABAH AL WARD SUGAR FEM;5055810099459
PERFUME MAWWAL ENERGY FADA 100ML;7841881033908
PERFUME MAWWAL ENERGY ZUHOOR 100ML;7841881034097
PERFUME MAWWAL FANTASY BASIR 100ML;7841881033885
PERFUME MAWWAL MYSTIC SABEEL 100ML;7841881034028
PERFUME MAWWAL SENSE MASHAER 100ML;7841881033991
PERFUME µRABE ASAD ELIXIR LATTAFA EAU DE;6290362346548
PERFUME µRABE FEMININO AMEERAT AL ARAB;6291107456355
PERFUME µRABE FEMININO SABAH AL WARD AL;5055810013110
PERFUME µRABE YARA ELIXIR LATTAFA EAU DE;6290362346531
PINCEL 19PCR0910 SWEET SOFT MISS FRANDY;6972721909105
PINCEL A09 MACRILAN;7899583200869
PINCEL A35 MACRILAN;7899583203648
PINCEL A36 MACRILAN;7899583203655
PINCEL CHANFRADO EU AMO MK 2349;7898611822349
PINCEL CHANFRADO MEILY'S;7908153812699
PINCEL DE PRECISAO E44 MK9652;7898611829652
PINCEL DUO PRO 2 - BOCA ROSA;7908847801688
PINCEL DUPLO CHANF E ESCOVA E42 MK9638;7898611829638
PINCEL KABUKI MK2264;7898611822264
PINCEL LAPIS E39 MK9607;7898611829607
PINCEL MAGUI;7908153814525
PINCEL P/ DELINEADO GOLD N10 MK9928;7898611829928
PINCEL P/LABIOS MK2479;7898611822479
PINCEL PARA ESFUMAR E40 MK9614;7898611829614
PINCEL PARA ESFUMAR ESSENCE E41 MK9621;7898611829621
PINCEL PARA ESFUMAR GOLD N05 MK7726;7898611827726
PINCEL PARA ESFUMAR N06 MAKE ONE MK7719;7898611827719
PO BASE DE ROSA MOSQUETA - MM COR 03;7898100061860
PO BASE DE ROSA MOSQUETA - MM COR 04;7898100061877
PO BASE DE ROSA MOSQUETA - MM COR 05;7898100061884
PO COMPACTO BT POWDER 10;7896032661066
PO COMPACTO BT POWDER 70;7896032661127
PO COMPACTO RUBY ROSE PC10;7898671428000
PO COMPACTO RUBY ROSE PC20;7898671428017
PO COMPACTO VIZZELA CORES ESCURAS COR;77898640656168
PO COMPACTO, ROSA MOSQUETA E;7908486801766
PO COMPACTO, ROSA MOSQUETA E;7898100061853
PO FACIAL MATTE 1;7896609550946
PO FACIAL MATTE 2;7896609550953
PO HIDRATANTE DE TAPIOCA ATE EMBAIXO;7891331102586
PO HIDRATANTE DE TAPIOCA ATE EMBAIXO;7891331102593
PO HIDRATANTE DE TAPIOCA ATE EMBAIXO;7891331102609
PO HIDRATANTE DE TAPIOCA ATE EMBAIXO;7891331102616
PO HIDRATANTE DE TAPIOCA ATE EMBAIXO;7899054022402
PORE CORRECTOR - CORRETOR DE;7908725502379
POTION 9 CREME GEL MODELADOR 500ML;4064666306230
POWDER PUFF - ESPONJA PARA;7908725504410
POWDER PUFF - ESPONJA PARA;7898930770291
PR 1 MILLION PARFUM 50ML;3349668579822
PRIMER FACIAL BLUR PAYOT;7896609549896
PV CONTORNO LABIAL CEREJA INTENSO 350MG;7908847802494
PV MASC. CILIOS EFEITO VOLUME;7908847802234
PV PRIMER FACIAL BLUR PAYOT;7896609549957
PV STICK COR GYN;7908847801978
PV STICK COR JAMPA;7908847802050
RETINOL AND NIACINAMIDE SERUM - SERUM;7898576399627
RK AGUA MICELAR - BIFASICA;731509765236
RK BASE FLUIDA EFEITO NATURAL 220;731509997156
RK BASE FLUIDA EFEITO NATURAL 240;731509997170
RK BASE FLUIDA EFEITO NATURAL 335;731509997194
RK BLINDAGEM;7898741803829
RK CORRETIVO PARA AREA DOS OLHOS COR 10;731509990379
RK CORRETIVO PARA AREA DOS OLHOS COR 15;731509990393
RK CORRETIVO PARA AREA DOS OLHOS COR 20;731509990416
RK CORRETIVO PARA AREA DOS OLHOS COR 25;731509990430
RK CORRETIVO PARA AREA DOS OLHOS COR 30;731509990454
RK CORRETIVO PARA AREA DOS OLHOS COR 34;731509990485
RK CORRETIVO PARA AREA DOS OLHOS COR 38;731509990553
RK CREME PREPARADOR PRIMER HD ADEUS;731509966527
RK ESPONJA COTTON GRANDE;731509679069
RK GO BROW GEL FIXADOR PARA;7898741801795
RK INTENSE 24H CANETA DELINEADORA BLACK;731509966053
RK KIT DE SOBRANCELHA - BLACK DARK BROWN;7,3151E+11
RK KIT DE SOBRANCELHA - CHOCOLATE BROWN;7,3151E+11
RK MASCARA CILIOS - MEGA VOL PROV AGUA;731509662504
RK MELON POP BLUSH STICK - FLAMINGO POP;7898741802679
RK MELON POP BLUSH STICK - PEACH POP;7898741802686
RK MELON POP BLUSH STICK-TERRACOTTA POP;7,89874E+12
RK PUFF TRIANGULAR CINZA E ROSA;7898741802174
RK PUFF TRIANGULAR ROSA E CINZA;7898741802167
RK SPRAY FACIAL BRUMA FINALIZADORA;731509966565
RK SUPER FIXO BASE 131;7898741804277
RK SUPER FIXO BASE 220;7898741804284
RK SUPER FIXO CORRETIVO 10;7898741804154
RK SUPER FIXO CORRETIVO 15;7898741804161
RK SUPER FIXO CORRETIVO 20;7898741804178
RK SUPER FIXO CORRETIVO 25;7898741804185
RK ULTRA BLUR PO SOLTO - FAIR;7898741804093
RK ULTRA BLUR PO SOLTO - MEDIUM;7898741804109
RK VOLUMIZING WATERPROOF MASCARA -;731509969498
ROSE SPARKLE OCEANE PALETTE - TRIO DE;7908725501082
RR PO COMPACTO FEELS MOOD - HB 7232 - 1;6932159603587
RUBY KISSES CONTOUR POP CONT STICK -;7898741802730
RUBY KISSES CONTOUR POP CONT STICK -;7898741802716
RUBY KISSES CONTOUR POP CONT STICK -;7898741802723
RUBY KISSES JELLY POP LIP OIL - BERRY POP;7898741802440
RUBY KISSES LAPIS MADEIRA LABIOS - MARSALA;7,3151E+11
RUBY KISSES LAPIS MADEIRA LABIOS - NUDE;731509687712
RUBY KISSES LAPIS MADEIRA LABIOS - NUDE;731509687729
RUBY KISSES LAPIS MADEIRA LABIOS - PALE;731509687705
RUBY KISSES LAPIS MADEIRA LABIOS - WINE;731509687774
RUBY KISSES LAPIS RETRATIL LABIOS - ARE YOU7;31509687071
RUBY KISSES LAPIS RETRATIL LABIOS -;731509687262
RUBY KISSES LAPIS RETRATIL LABIOS - RED;731509687248
RUBY KISSES LAPIS RETRATIL LABIOS - RMLP;731509687835
RUBY KISSES LAPIS RETRATIL P LABIOS-;731509687255
RUBY KISSES PLUMPING LIP LINER - NUDE;7898741807575
RUBY KISSES PLUMPING LIP LINER - NUDE BEGE;7,89874E+12
RUBY KISSES PLUMPING LIP LINER - NUDE PINK;7898741807582
RUBY KISSES PLUMPING LIP LINER - WARM;7898741807599
RUBY KISSES SO JELLY LIP BALM BERRY;7898741805151
RUBY KISSES SO JELLY LIP BALM CHERRY;7898741805168
RUBY KISSES SO JELLY LIP BALM VANILLA;7898741805144
SCRUB STICK BALM BAMBOO 6,2G - FRAN;7898969501903
SHAMPOO MIRACLE TRUSS 300ML;7898352519584
SHINE HIGHLIGHT STICK EDITION-ILUMI;7908725504229
SISTER BLEND OCEANE - ESPONJA DE;7908725501594
SKIN FOUNDATION - BASE LIQUIDA./110F - .;7908725500016
SKIN FOUNDATION - BASE LIQUIDA./210L - .;7908725500023
SKIN FOUNDATION - BASE LIQUIDA./230L - .;7908725500030
SKIN FOUNDATION - BASE LIQUIDA./300M - .;7908725500047
SKIN FOUNDATION - BASE LIQUIDA./315M - .;7908725500054
SKIN FOUNDATION - BASE LIQUIDA./340M;7908725501891
SKIN FOUNDATION - BASE LIQUIDA./400M - .;7908725500061
SKIN FOUNDATION - BASE LIQUIDA./420T - .;7908725500078
SKIN FOUNDATION - BASE LIQUIDA./440T - .;7908725500085
SKIN TINT - BASE FLUIDA./210L OCEANE;7908725502508
SKIN TINT - BASE FLUIDA./230L OCEANE;7908725502515
SKIN TINT - BASE FLUIDA./300M OCEANE;7908725502522
SKIN TINT - BASE FLUIDA./315M OCEANE;7908725502539
SKIN TINT - BASE FLUIDA./340M OCEANE;7908725502546
SPECIAL DIAMOND BLEND ESPONJA DE;7898930769189
STAR ACNE PATCHES - ADESIVOS SECATIVOS;7908725502201
STICK COR GYN 5G- BATOM/ BLUSH/ SOMB.;7908847801954
STICK COR JAMPA 5G- BATOM/ BLUSH/ SOMB.;7908847801879
STICK TINT BALM WINE FRAN;7898969501897
SUPER MATTE SERUM SKIN EXPERT 30ML;7899054015367
THE LIPSTICK EDITION - BATOM SIENNA./NUDE;7898930770062
THE LIPSTICK EDITION - CINNAMON./TERRACOTA;7908725503369
THE LIPSTICK EDITION - CLOVE./ROSA ESCURO;7908725503352
THE LIPSTICK EDITION - HIBISCUS./ROSA OCEANE;7,90873E+12
THE LIPSTICK EDITION - ROSEMARY./ROSA;7908725503376
TINT BALM PINK 6,3G - FRAN;7898969501880
TINTURA MAGIC RETOUCH INSTANTANEO LOURO7;509552917413
TINTURA MAGIC RETOUCH INSTANTANEO LOURO7;509552917420
TO GO - PALETA DE SOMBRAS./MY GLAM -;7898576398910
TO GO - PALETA DE SOMBRAS./NUDE - .;7898576398897
TRUSS CONDICIONADOR BASIC 1000ML - TRUSS;7898625795875
TRUSS SHAMPOO USO OBRIGATORIO 300ML;7898625794663
VULT PO COMPACTO FACIAL FPS90 COR 4;7899852024868
VULT PO COMPACTO FACIAL FPS90 COR 5;7899852024776
VZ 86 - BASE LIQUIDA FIX C/6UN COR 02;7908517901748
VZ 86 - BASE LIQUIDA FIX C/6UN COR 04;7908517901762
VZ 86 - BASE LIQUIDA FIX C/6UN COR 09;7908517901816
VZ 86 - BASE LIQUIDA FIX C/6UN COR 11;7908517901830
VZ 86 - BASE LIQUIDA FIX C/6UN COR 12;7908517901847
VZ 86 - BASE LIQUIDA FIX C/6UN COR 13;7908517901854
VZ 92 - CORRETIVO LIQUIDO FIX C/6UN COR 01;7908517901960
VZ 92 - CORRETIVO LIQUIDO FIX C/6UN COR 02;7908517901977
VZ 92 - CORRETIVO LIQUIDO FIX C/6UN COR 03;7908517901984
VZ 92 - CORRETIVO LIQUIDO FIX C/6UN COR 07;7908517902028
VZ 92 - CORRETIVO LIQUIDO FIX C/6UN COR 08;7908517902035
VZ 92 - CORRETIVO LIQUIDO FIX C/6UN COR 09;7908517902042
VZ 92 - CORRETIVO LIQUIDO FIX C/6UN COR 10;7908517902059
VZ 92 - CORRETIVO LIQUIDO FIX C/6UN COR 12;7908517902073
VZ 93 - GLOSS HOT LIPS BROWN CX. C/6UN;7908517901946
VZ501 - GLOSS INFANTIL BRILHA BRILHA -;7908517905531
VZ94 - PO BRONZEADOR BE BRONZER - COR 01;7908517902103
VZ95 - CREAM CONTOUR CONTORNO EM STICK;7908517902363
VZ95 - CREAM CONTOUR CONTORNO EM STICK;7908517902370
VZ95 - CREAM CONTOUR CONTORNO EM STICK;7908517902387
VZ99 - LIP SUGAR BALM - PEACH PIE LARANJA;7908517905340
VZ99 - LIP SUGAR BALM - VANILLA CAKE INCOLOR7;7,89864E+12
